{"stats":{"minecraft:custom":{"minecraft:jump":3,"minecraft:time_since_rest":154732,"minecraft:crouch_one_cm":13,"minecraft:play_one_minute":154732,"minecraft:leave_game":1,"minecraft:sprint_one_cm":6688,"minecraft:walk_on_water_one_cm":178,"minecraft:time_since_death":154732,"minecraft:walk_one_cm":9814,"minecraft:sneak_time":49,"minecraft:walk_under_water_one_cm":1137,"minecraft:drop":1,"minecraft:boat_one_cm":11824,"minecraft:fly_one_cm":28084},"minecraft:dropped":{"mmorpg:mat/infused_iron":1},"minecraft:used":{"cspirit:christmas_tree":1,"cspirit:present_unwrapped":2,"cspirit:christmas_lights_multicolor":13,"cspirit:sleigh":1},"minecraft:picked_up":{"mmorpg:newbie_gear_bag":1}},"DataVersion":2586}