{
  "farmersdelight:main/root": {
    "criteria": {
      "seeds": "2021-11-30 11:59:37 -0500"
    },
    "done": true
  },
  "betterdungeons:root": {
    "criteria": {
      "always": "2021-11-30 11:59:37 -0500"
    },
    "done": true
  },
  "minecraft:recipes/transportation/dark_oak_boat": {
    "criteria": {
      "in_water": "2021-11-30 12:26:25 -0500"
    },
    "done": true
  },
  "lootr:root": {
    "criteria": {
      "always_true": "2021-11-30 11:59:37 -0500"
    },
    "done": true
  },
  "vanillatweaks:multiplayer_sleep": {
    "criteria": {
      "tick": "2021-11-30 11:59:37 -0500"
    },
    "done": true
  },
  "vanillatweaks:fast_leaf_decay": {
    "criteria": {
      "tick": "2021-11-30 11:59:37 -0500"
    },
    "done": true
  },
  "vanillatweaks:double_shulker_shells": {
    "criteria": {
      "tick": "2021-11-30 11:59:37 -0500"
    },
    "done": true
  },
  "outvoted:one_mil": {
    "criteria": {
      "join": "2021-11-30 11:59:37 -0500"
    },
    "done": true
  },
  "dungeons_arise:wda_root": {
    "criteria": {
      "WDA": "2021-11-30 11:59:37 -0500"
    },
    "done": true
  },
  "biomesoplenty:recipes/transportation/umbran_boat": {
    "criteria": {
      "in_water": "2021-11-30 12:26:25 -0500"
    },
    "done": true
  },
  "biomesoplenty:recipes/transportation/willow_boat": {
    "criteria": {
      "in_water": "2021-11-30 12:26:25 -0500"
    },
    "done": true
  },
  "biomesoplenty:recipes/transportation/palm_boat": {
    "criteria": {
      "in_water": "2021-11-30 12:26:25 -0500"
    },
    "done": true
  },
  "biomesoplenty:biomesoplenty/all_biomes": {
    "criteria": {
      "cold_desert": "2021-11-30 11:59:37 -0500",
      "seasonal_orchard": "2021-11-30 12:26:10 -0500"
    },
    "done": false
  },
  "vanillatweaks:player_head_drops": {
    "criteria": {
      "tick": "2021-11-30 11:59:37 -0500"
    },
    "done": true
  },
  "vanillatweaks:wandering_trades": {
    "criteria": {
      "tick": "2021-11-30 11:59:37 -0500"
    },
    "done": true
  },
  "biomesoplenty:recipes/transportation/hellbark_boat": {
    "criteria": {
      "in_water": "2021-11-30 12:26:25 -0500"
    },
    "done": true
  },
  "biomesoplenty:recipes/transportation/jacaranda_boat": {
    "criteria": {
      "in_water": "2021-11-30 12:26:25 -0500"
    },
    "done": true
  },
  "minecraft:adventure/adventuring_time": {
    "criteria": {
      "minecraft:cold_ocean": "2021-11-30 12:26:07 -0500",
      "minecraft:forest": "2021-11-30 12:26:23 -0500",
      "minecraft:deep_cold_ocean": "2021-11-30 12:01:07 -0500",
      "minecraft:snowy_beach": "2021-11-30 12:26:09 -0500"
    },
    "done": false
  },
  "biomesoplenty:biomesoplenty/root": {
    "criteria": {
      "cold_desert": "2021-11-30 11:59:37 -0500"
    },
    "done": true
  },
  "vanillatweaks:track_stats": {
    "criteria": {
      "tick": "2021-11-30 11:59:37 -0500"
    },
    "done": true
  },
  "biomesoplenty:recipes/transportation/magic_boat": {
    "criteria": {
      "in_water": "2021-11-30 12:26:25 -0500"
    },
    "done": true
  },
  "betteranimalsplus:bad_fox": {
    "criteria": {
      "no_bam": "2021-11-30 11:59:48 -0500"
    },
    "done": false
  },
  "biomesoplenty:recipes/transportation/redwood_boat": {
    "criteria": {
      "in_water": "2021-11-30 12:26:25 -0500"
    },
    "done": true
  },
  "betteranimalsplus:ride_reindeer": {
    "criteria": {
      "ride_reindeer": "2021-11-30 12:00:19 -0500"
    },
    "done": true
  },
  "vanillatweaks:root": {
    "criteria": {
      "tick": "2021-11-30 11:59:37 -0500"
    },
    "done": true
  },
  "create:root": {
    "criteria": {
      "0": "2021-11-30 11:59:37 -0500"
    },
    "done": true
  },
  "biomesoplenty:recipes/transportation/mahogany_boat": {
    "criteria": {
      "in_water": "2021-11-30 12:26:25 -0500"
    },
    "done": true
  },
  "minecraft:recipes/transportation/birch_boat": {
    "criteria": {
      "in_water": "2021-11-30 12:26:25 -0500"
    },
    "done": true
  },
  "vanillacookbook:recipes/bread": {
    "criteria": {
      "has_bread": "2021-11-30 11:59:37 -0500"
    },
    "done": true
  },
  "vanillatweaks:afk_display": {
    "criteria": {
      "tick": "2021-11-30 11:59:37 -0500"
    },
    "done": true
  },
  "minecraft:recipes/transportation/acacia_boat": {
    "criteria": {
      "in_water": "2021-11-30 12:26:25 -0500"
    },
    "done": true
  },
  "minecraft:recipes/transportation/oak_boat": {
    "criteria": {
      "in_water": "2021-11-30 12:26:25 -0500"
    },
    "done": true
  },
  "betteranimalsplus:root": {
    "criteria": {
      "tick": "2021-11-30 11:59:37 -0500"
    },
    "done": true
  },
  "biomesoplenty:recipes/transportation/cherry_boat": {
    "criteria": {
      "in_water": "2021-11-30 12:26:25 -0500"
    },
    "done": true
  },
  "biomesoplenty:recipes/transportation/dead_boat": {
    "criteria": {
      "in_water": "2021-11-30 12:26:25 -0500"
    },
    "done": true
  },
  "mowziesmobs:root": {
    "criteria": {
      "custom_test_name": "2021-11-30 11:59:37 -0500"
    },
    "done": true
  },
  "vanillatweaks:track_raw_stats": {
    "criteria": {
      "tick": "2021-11-30 11:59:37 -0500"
    },
    "done": true
  },
  "minecraft:recipes/transportation/jungle_boat": {
    "criteria": {
      "in_water": "2021-11-30 12:26:25 -0500"
    },
    "done": true
  },
  "biomesoplenty:recipes/transportation/fir_boat": {
    "criteria": {
      "in_water": "2021-11-30 12:26:25 -0500"
    },
    "done": true
  },
  "vanillatweaks:unlock_all_recipes": {
    "criteria": {
      "tick": "2021-11-30 11:59:37 -0500"
    },
    "done": true
  },
  "vanillatweaks:nether_portal_coords": {
    "criteria": {
      "tick": "2021-11-30 11:59:37 -0500"
    },
    "done": true
  },
  "minecraft:recipes/transportation/spruce_boat": {
    "criteria": {
      "in_water": "2021-11-30 12:26:25 -0500"
    },
    "done": true
  },
  "repurposed_structures:root": {
    "criteria": {
      "always": "2021-11-30 11:59:37 -0500"
    },
    "done": true
  },
  "DataVersion": 2586
}