{
  "id": "bow4",
  "weight": 1000,
  "rarity": "common",
  "tier": 0,
  "implicit_stats": [],
  "base_stats": [
    {
      "min1": 2.0,
      "max1": 3.0,
      "min2": 6.0,
      "max2": 7.0,
      "stat": "physical_weapon_damage",
      "type": "flat"
    },
    {
      "min1": 4.0,
      "max1": 4.0,
      "min2": 0.0,
      "max2": 0.0,
      "stat": "critical_hit",
      "type": "flat"
    }
  ],
  "level_range": {
    "start": 0.8,
    "end": 1.0
  },
  "tag_list": {
    "tags": [
      "dexterity",
      "ranger_casting_weapon",
      "ranged_weapon",
      "weapon_family",
      "bow"
    ]
  },
  "stat_req": {
    "base_req": {},
    "scaling_req": {
      "dexterity": 0.5
  },
  "item_id": "minecraft:bow",
  "gear_slot": "bow",
  "weapon_offhand_stat_util": 0,
  "rar_group": "non_unique",
  "weapon_type": "bow",
  "attack_style": "ranged",
  "atk_speed": 1.0
}