{
  "id": "cloth_boots4",
  "weight": 1000,
  "rarity": "common",
  "tier": 0,
  "implicit_stats": [
    {
      "min1": 1.0,
      "max1": 2.0,
      "min2": 0.0,
      "max2": 0.0,
      "stat": "cdr",
      "type": "flat"
    }
  ],
  "base_stats": [
    {
      "min1": 2.0,
      "max1": 4.0,
      "min2": 0.0,
      "max2": 0.0,
      "stat": "magic_shield",
      "type": "flat"
    }
  ],
  "level_range": {
    "start": 0.8,
    "end": 1.0
  },
  "tag_list": {
    "tags": [
      "armor_family",
      "boots",
      "magic_shield_stat",
      "cloth",
      "intelligence"
    ]
  },
  "stat_req": {
    "base_req": {},
    "scaling_req": {
      "intelligence": 0.1
  },
  "item_id": "mmorpg:armor/cloth/boots/cloth_boots4",
  "gear_slot": "boots",
  "weapon_offhand_stat_util": 0,
  "rar_group": "non_unique",
  "weapon_type": "none",
  "attack_style": "melee",
  "atk_speed": 1.0
}