{
  "id": "cloth_dragon_helmet",
  "weight": 0,
  "rarity": "common",
  "tier": 0,
  "registry": "gear_type",
  "lang_file_string": "mmorpg.gear_type.cloth_dragon_helmet",
  "implicit_stats": [],
  "base_stats": [
    {
      "min1": 2.0,
      "max1": 4.0,
      "min2": 0.0,
      "max2": 0.0,
      "stat": "magic_shield",
      "type": "flat"
    }
  ],
  "level_range": {
    "start": 0.6,
    "end": 0.8
  },
  "tag_list": {
    "tags": [
      "armor_family",
      "helmet",
      "magic_shield_stat",
      "cloth",
      "intelligence"
    ]
  },
  "stat_req": {
    "base_req": {},
    "scaling_req": {
      "intelligence": 0.5
  },
  "item_id": "dragonloot:dragon_helmet",
  "gear_slot": "helmet",
  "weapon_offhand_stat_util": 0,
  "rar_group": "non_unique",
  "weapon_type": "none",
  "attack_style": "melee",
  "atk_speed": 1.0
}