{
  "id": "crimson_crusher_axe",
  "weight": 1000,
  "rarity": "common",
  "tier": 0,
  "implicit_stats": [],
  "base_stats": [
    {
      "min1": 2.0,
      "max1": 3.0,
      "min2": 4.0,
      "max2": 7.0,
      "stat": "physical_weapon_damage",
      "type": "flat"
    },
    {
      "min1": 5.0,
      "max1": 5.0,
      "min2": 0.0,
      "max2": 0.0,
      "stat": "critical_hit",
      "type": "flat"
    },
    {
      "min1": 1.0,
      "max1": 2.0,
      "min2": 0.0,
      "max2": 0.0,
      "stat": "lifesteal",
      "type": "flat"
    }
  ],
  "level_range": {
    "start": 0.0,
    "end": 1.0
  },
  "tag_list": {
    "tags": [
      "dexterity",
      "warrior_casting_weapon",
      "sword",
      "strength",
      "melee_weapon",
      "weapon_family"
    ]
  },
  "stat_req": {
    "base_req": {},
    "scaling_req": {
      "strength": 0.1
  },
  "item_id": ""crimsonmoon:crimson_crusher",
  "gear_slot": "axe",
  "weapon_offhand_stat_util": 15,
  "rar_group": "non_unique",
  "weapon_type": "Axe",
  "attack_style": "melee",
  "atk_speed": 1.5
}