{
   "id": "iron_spear",
  "weight": 0,
  "rarity": "common",
  "tier": 0,
  "registry": "gear_type",
  "lang_file_string": "mmorpg.gear_type.iron_spear",
  "implicit_stats": [],
  "base_stats": [
    {
      "min1": 44.0,
      "max1": 56.0,
      "min2": 0.0,
      "max2": 0.0,
      "stat": "armor_penetration",
      "type": "flat"
    },
    {
      "min1": 2.0,
      "max1": 4.0,
      "min2": 6.0,
      "max2": 8.0,
      "stat": "physical_weapon_damage",
      "type": "flat"
    },
    {
      "min1": 2.0,
      "max1": 2.0,
      "min2": 0.0,
      "max2": 0.0,
      "stat": "critical_hit",
      "type": "flat"
    }
  ],
  "level_range": {
    "start": 0.2,
    "end": 0.4
  },
  "tag_list": {
    "tags": [
      "warrior_casting_weapon",
      "strength",
      "weapon_family",
      "melee_weapon",
      "spear"
    ]
  },
  "stat_req": {
    "base_req": {},
    "scaling_req": {
      "strength": 0.5
    }
  },
  "item_id": "campanion:iron_spear",
  "gear_slot": "spear",
  "weapon_offhand_stat_util": 15,
  "rar_group": "non_unique",
  "weapon_type": "Spear",
  "attack_style": "melee",
  "atk_speed": 1.5
}