{
   "id": "iron_sword",
  "weight": 0,
  "rarity": "common",
  "tier": 0,
  "registry": "gear_type",
  "lang_file_string": "mmorpg.gear_type.iron_sword",
  "implicit_stats": [
    {
      "min1": 1.0,
      "max1": 2.0,
      "min2": 0.0,
      "max2": 0.0,
      "stat": "lifesteal",
      "type": "flat"
    }
  ],
  "base_stats": [
    {
      "min1": 1.0,
      "max1": 2.0,
      "min2": 3.0,
      "max2": 5.0,
      "stat": "physical_weapon_damage",
      "type": "flat"
    },
    {
      "min1": 2.5,
      "max1": 2.5,
      "min2": 0.0,
      "max2": 0.0,
      "stat": "critical_hit",
      "type": "flat"
    }
  ],
  "level_range": {
    "start": 0.0,
    "end": 0.3
  },
  "tag_list": {
    "tags": [
      "dexterity",
      "warrior_casting_weapon",
      "sword",
      "strength",
      "melee_weapon",
      "weapon_family"
    ]
  },
  "stat_req": {
    "base_req": {},
    "scaling_req": {
      "strength": 0.3,
      "Dexterity": 0.1
    }
  },
  "item_id": "minecraft:iron_sword",
  "gear_slot": "sword",
  "weapon_offhand_stat_util": 15,
  "rar_group": "non_unique",
  "weapon_type": "Sword",
  "attack_style": "melee",
  "atk_speed": 1.5
}