{
  "id": "leather_boots3",
  "weight": 1000,
  "rarity": "common",
  "tier": 0,
  "implicit_stats": [
    {
      "min1": 0.5,
      "max1": 1.0,
      "min2": 0.0,
      "max2": 0.0,
      "stat": "cdr",
      "type": "flat"
    }
  ],
  "base_stats": [
    {
      "min1": 13.0,
      "max1": 52.0,
      "min2": 0.0,
      "max2": 0.0,
      "stat": "dodge",
      "type": "flat"
    },
    {
      "min1": 0.6,
      "max1": 1.8,
      "min2": 0.0,
      "max2": 0.0,
      "stat": "health",
      "type": "flat"
    }
  ],
  "level_range": {
    "start": 0.6,
    "end": 0.8
  },
  "tag_list": {
    "tags": [
      "dexterity",
      "dodge_stat",
      "armor_family",
      "boots",
      "leather"
    ]
  },
  "stat_req": {
    "base_req": {},
    "scaling_req": {
      "dexterity": 0.1
  },
  "item_id": "mmorpg:armor/leather/boots/leather_boots3",
  "gear_slot": "boots",
  "weapon_offhand_stat_util": 0,
  "rar_group": "non_unique",
  "weapon_type": "none",
  "attack_style": "melee",
  "atk_speed": 1.0
}