{
  "id": "leather_thallasium_chest",
  "weight": 0,
  "rarity": "common",
  "tier": 0,
  "registry": "gear_type",
  "lang_file_string":  "mmorpg.gear_type.leather_thallasium_chest",
  "implicit_stats": [],
  "base_stats": [
    {
      "min1": 36.0,
      "max1": 64.0,
      "min2": 0.0,
      "max2": 0.0,
      "stat": "dodge",
      "type": "flat"
    }
  ],
  "level_range": {
    "start": 0.7,
    "end": 0.9
  },
  "tag_list": {
    "tags": [
      "dexterity",
      "dodge_stat",
      "armor_family",
      "chest",
      "leather"
    ]
  },
  "stat_req": {
    "base_req": {},
    "scaling_req": {
      "dexterity": 0.5
  },
  "item_id": "betterend:thallasium_chestplate",
  "gear_slot": "chest",
  "weapon_offhand_stat_util": 0,
  "rar_group": "non_unique",
  "weapon_type": "none",
  "attack_style": "melee",
  "atk_speed": 1.0
}