{
  "id": "leather_pants3",
  "weight": 1000,
  "rarity": "common",
  "tier": 0,
  "implicit_stats": [
    {
      "min1": 0.1,
      "max1": 0.2,
      "min2": 0.0,
      "max2": 0.0,
      "stat": "dexterity",
      "type": "flat"
    }
  ],
  "base_stats": [
    {
      "min1": 24.0,
      "max1": 96.0,
      "min2": 0.0,
      "max2": 0.0,
      "stat": "dodge",
      "type": "flat"
    },
    {
      "min1": 0.9,
      "max1": 2.7,
      "min2": 0.0,
      "max2": 0.0,
      "stat": "health",
      "type": "flat"
    }
  ],
  "level_range": {
    "start": 0.6,
    "end": 0.8
  },
  "tag_list": {
    "tags": [
      "dexterity",
      "dodge_stat",
      "pants",
      "armor_family",
      "leather"
    ]
  },
  "stat_req": {
    "base_req": {},
    "scaling_req": {
      "dexterity": 0.1
  },
  "item_id": "mmorpg:armor/leather/pants/leather_pants3",
  "gear_slot": "pants",
  "weapon_offhand_stat_util": 0,
  "rar_group": "non_unique",
  "weapon_type": "none",
  "attack_style": "melee",
  "atk_speed": 1.0
}