{
  "id": "plate_cincinnasite_pants",
  "weight": 0,
  "rarity": "common",
  "tier": 0,
  "registry": "gear_type",
  "lang_file_string":  "mmorpg.gear_type.plate_cincinnasite_pants",
  "implicit_stats": [],
  "base_stats": [
    {
      "min1": 16.0,
      "max1": 48.0,
      "min2": 0.0,
      "max2": 0.0,
      "stat": "armor",
      "type": "flat"
    }
  ],
  "level_range": {
    "start": 0.5,
    "end": 0.7
  },
  "tag_list": {
    "tags": [
      "armor_family",
      "strength",
      "pants",
      "plate",
      "armor_stat"
    ]
  },
  "stat_req": {
    "base_req": {},
    "scaling_req": {
      "strength": 0.5
  },
  "item_id": "betternether:cincinnasite_leggings",
  "gear_slot": "pants",
  "weapon_offhand_stat_util": 0,
  "rar_group": "non_unique",
  "weapon_type": "none",
  "attack_style": "melee",
  "atk_speed": 1.0
}