{
  "id": "plate_pants1",
  "weight": 1000,
  "rarity": "common",
  "tier": 0,
  "implicit_stats": [
    {
      "min1": 4.0,
      "max1": 8.0,
      "min2": 0.0,
      "max2": 0.0,
      "stat": "heal_effect_on_self",
      "type": "flat"
    }
  ],
  "base_stats": [
    {
      "min1": 18.0,
      "max1": 72.0,
      "min2": 0.0,
      "max2": 0.0,
      "stat": "armor",
      "type": "flat"
    },
    {
      "min1": 2.0,
      "max1": 4.0,
      "min2": 0.0,
      "max2": 0.0,
      "stat": "health",
      "type": "flat"
    }
  ],
  "level_range": {
    "start": 0.2,
    "end": 0.4
  },
  "tag_list": {
    "tags": [
      ""armor_family",
      "strength",
      "pants",
      "plate",
      "armor_stat"
    ]
  },
  "stat_req": {
    "base_req": {},
    "scaling_req": {
      "strength": 0.1
  },
  "item_id": "mmorpg:armor/plate/pants/plate_pants1",
  "gear_slot": "pants",
  "weapon_offhand_stat_util": 0,
  "rar_group": "non_unique",
  "weapon_type": "none",
  "attack_style": "melee",
  "atk_speed": 1.0
}