{
  "id": "plate_helmet4",
  "weight": 1000,
  "rarity": "common",
  "tier": 0,
  "implicit_stats": [
    {
      "min1": 1.0,
      "max1": 2.0,
      "min2": 0.0,
      "max2": 0.0,
      "stat": "health_regen",
      "type": "flat"
    }
  ],
  "base_stats": [
    {
      "min1": 12.0,
      "max1": 48.0,
      "min2": 0.0,
      "max2": 0.0,
      "stat": "armor",
      "type": "flat"
    },
    {
      "min1": 1.0,
      "max1": 2.0,
      "min2": 0.0,
      "max2": 0.0,
      "stat": "health",
      "type": "flat"
    }
  ],
  "level_range": {
    "start": 0.8,
    "end": 1.0
  },
  "tag_list": {
    "tags": [
      ""armor_family",
      "strength",
      "helmet",
      "plate",
      "armor_stat"
    ]
  },
  "stat_req": {
    "base_req": {},
    "scaling_req": {
      "strength": 0.1
  },
  "item_id": "mmorpg:armor/plate/helmet/plate_helmet4",
  "gear_slot": "helmet",
  "weapon_offhand_stat_util": 0,
  "rar_group": "non_unique",
  "weapon_type": "none",
  "attack_style": "melee",
  "atk_speed": 1.0
}