{
  "id": "plate_chest1",
  "weight": 1000,
  "rarity": "common",
  "tier": 0,
  "implicit_stats": [
    {
      "min1": 3.0,
      "max1": 6.0,
      "min2": 0.0,
      "max2": 0.0,
      "stat": "elemental_resist",
      "type": "flat"
    }
  ],
  "base_stats": [
    {
      "min1": 24.0,
      "max1": 96.0,
      "min2": 0.0,
      "max2": 0.0,
      "stat": "armor",
      "type": "flat"
    },
    {
      "min1": 2.5,
      "max1": 5.0,
      "min2": 0.0,
      "max2": 0.0,
      "stat": "health",
      "type": "flat"
    }
  ],
  "level_range": {
    "start": 0.2,
    "end": 0.4
  },
  "tag_list": {
    "tags": [
      ""armor_family",
      "strength",
      "chest",
      "plate",
      "armor_stat"
    ]
  },
  "stat_req": {
    "base_req": {},
    "scaling_req": {
      "strength": 0.1
  },
  "item_id": "mmorpg:armor/plate/boots/plate_chest1",
  "gear_slot": "chest",
  "weapon_offhand_stat_util": 0,
  "rar_group": "non_unique",
  "weapon_type": "none",
  "attack_style": "melee",
  "atk_speed": 1.0
}