{
  "id": "scepter1",
  "weight": 0,
  "rarity": "common",
  "tier": 0,
  "implicit_stats": [
    {
      "min1": 4.0,
      "max1": 10.0,
      "min2": 0.0,
      "max2": 0.0,
      "stat": "increase_healing",
      "type": "flat"
    }
  ],
  "base_stats": [
    {
      "min1": 2.0,
      "max1": 3.0,
      "min2": 3.0,
      "max2": 4.0,
      "stat": "physical_weapon_damage",
      "type": "flat"
    },
    {
      "min1": 0.5,
      "max1": 0.5,
      "min2": 0.0,
      "max2": 0.0,
      "stat": "critical_hit",
      "type": "flat"
    }
  ],
  "level_range": {
    "start": 0.2,
    "end": 0.4
  },
  "tag_list": {
    "tags": [
      "wand",
      "mage_weapon",
      "weapon_family",
      "melee_weapon",
      "intelligence"
    ]
  },
  "stat_req": {
    "base_req": {},
    "scaling_req": {
      "intelligence": 0.1
    }
  },
  "item_id": "mmorpg:weapon/wand/scepter1",
  "gear_slot": "wand",
  "weapon_offhand_stat_util": 15,
  "rar_group": "non_unique",
  "weapon_type": "Wand",
  "attack_style": "melee",
  "atk_speed": 1.5
}