{
  "id": "terminite_hammer",
  "weight": 1000,
  "rarity": "common",
  "tier": 0,
  "implicit_stats": [],
  "base_stats": [
    {
      "min1": 1.0,
      "max1": 2.0,
      "min2": 7.0,
      "max2": 9.0,
      "stat": "physical_weapon_damage",
      "type": "flat"
    }
  ],
  "level_range": {
    "start": 0.6,
    "end": 0.9
  },
  "tag_list": {
    "tags": [
      "warrior_casting_weapon",
      "strength",
      "weapon_family",
      "melee_weapon",
      "hammer"
    ]
  },
   "stat_req": {
    "base_req": {},
    "scaling_req": {}
    "strength": 0.1
  },
  "item_id": "betterend:terminite_hammer",
  "gear_slot": "hammer",
  "weapon_offhand_stat_util": 15,
  "rar_group": "non_unique",
  "weapon_type": "hammer",
  "attack_style": "melee",
  "atk_speed": 1.5
}