{
  "id": "terminite_axe",
  "weight": 0,
  "rarity": "common",
  "tier": 0,
  "registry": "gear_type",
  "lang_file_string": "mmorpg.gear_type.terminite_axe",
  "implicit_stats": [],
  "base_stats": [
    {
      "min1": 1.0,
      "max1": 2.0,
      "min2": 3.0,
      "max2": 7.0,
      "stat": "physical_weapon_damage",
      "type": "flat"
    },
    {
      "min1": 5.0,
      "max1": 5.0,
      "min2": 0.0,
      "max2": 0.0,
      "stat": "critical_hit",
      "type": "flat"
    }
  ],
  "level_range": {
    "start": 0.6,
    "end": 0.9
  },
  "tag_list": {
    "tags": [
      "warrior_casting_weapon",
      "strength",
      "weapon_family",
      "melee_weapon",
      "axe"
    ]
  },
  "stat_req": {
    "base_req": {},
    "scaling_req": {
      "strength": 0.5
    }
  },
  "item_id": "betterend:terminite_axe",
  "gear_slot": "axe",
  "weapon_offhand_stat_util": 15,
  "rar_group": "non_unique",
  "weapon_type": "axe",
  "attack_style": "melee",
  "atk_speed": 1.5
}