{
  "sophisticatedbackpacks:recipes/sophisticatedbackpacks/blasting_upgrade": {
    "criteria": {
      "has_upgrade_base": "2022-03-12 16:29:30 -0500"
    },
    "done": true
  },
  "farmersdelight:main/root": {
    "criteria": {
      "seeds": "2022-03-12 16:29:30 -0500"
    },
    "done": true
  },
  "betterdungeons:root": {
    "criteria": {
      "always": "2022-03-12 16:29:30 -0500"
    },
    "done": true
  },
  "sophisticatedbackpacks:recipes/sophisticatedbackpacks/auto_smoking_upgrade": {
    "criteria": {
      "has_smoking_upgrade": "2022-03-12 16:29:30 -0500"
    },
    "done": true
  },
  "lootr:root": {
    "criteria": {
      "always_true": "2022-03-12 16:29:30 -0500"
    },
    "done": true
  },
  "minecraft:adventure/kill_a_mob": {
    "criteria": {
      "minecraft:zombie": "2022-03-12 17:15:14 -0500"
    },
    "done": true
  },
  "farmersdelight:recipes/farmersdelight/organic_compost_from_rotten_flesh": {
    "criteria": {
      "has_rotten_flesh": "2022-03-12 17:15:14 -0500"
    },
    "done": true
  },
  "sophisticatedbackpacks:recipes/sophisticatedbackpacks/auto_smoking_upgrade_from_auto_smelting_upgrade": {
    "criteria": {
      "has_auto_smelting_upgrade": "2022-03-12 16:29:30 -0500"
    },
    "done": true
  },
  "minecraft:adventure/kill_all_mobs": {
    "criteria": {
      "minecraft:zombie": "2022-03-12 17:15:14 -0500"
    },
    "done": false
  },
  "vanillatweaks:multiplayer_sleep": {
    "criteria": {
      "tick": "2022-03-12 16:29:30 -0500"
    },
    "done": true
  },
  "vanillatweaks:fast_leaf_decay": {
    "criteria": {
      "tick": "2022-03-12 16:29:30 -0500"
    },
    "done": true
  },
  "vanillatweaks:double_shulker_shells": {
    "criteria": {
      "tick": "2022-03-12 16:29:30 -0500"
    },
    "done": true
  },
  "outvoted:one_mil": {
    "criteria": {
      "join": "2022-03-12 16:29:30 -0500"
    },
    "done": true
  },
  "dungeons_arise:wda_root": {
    "criteria": {
      "WDA": "2022-03-12 16:29:30 -0500"
    },
    "done": true
  },
  "vanillacookbook:recipes/poisonous_pie": {
    "criteria": {
      "has_rotten_flesh": "2022-03-12 17:15:14 -0500"
    },
    "done": true
  },
  "biomesoplenty:biomesoplenty/all_biomes": {
    "criteria": {
      "cold_desert": "2022-03-12 16:29:30 -0500"
    },
    "done": false
  },
  "vanillatweaks:player_head_drops": {
    "criteria": {
      "tick": "2022-03-12 16:29:30 -0500"
    },
    "done": true
  },
  "vanillatweaks:wandering_trades": {
    "criteria": {
      "tick": "2022-03-12 16:29:30 -0500"
    },
    "done": true
  },
  "sophisticatedbackpacks:recipes/sophisticatedbackpacks/auto_blasting_upgrade": {
    "criteria": {
      "has_blasting_upgrade": "2022-03-12 16:29:30 -0500"
    },
    "done": true
  },
  "sophisticatedbackpacks:recipes/sophisticatedbackpacks/blasting_upgrade_from_smelting_upgrade": {
    "criteria": {
      "has_smelting_upgrade": "2022-03-12 16:29:30 -0500"
    },
    "done": true
  },
  "biomesoplenty:biomesoplenty/root": {
    "criteria": {
      "cold_desert": "2022-03-12 16:29:30 -0500"
    },
    "done": true
  },
  "vanillatweaks:track_stats": {
    "criteria": {
      "tick": "2022-03-12 16:29:30 -0500"
    },
    "done": true
  },
  "betteranimalsplus:bad_fox": {
    "criteria": {
      "no_bam": "2022-03-12 16:29:36 -0500"
    },
    "done": false
  },
  "sophisticatedbackpacks:recipes/sophisticatedbackpacks/smoking_upgrade_from_smelting_upgrade": {
    "criteria": {
      "has_smelting_upgrade": "2022-03-12 16:29:30 -0500"
    },
    "done": true
  },
  "vanillatweaks:root": {
    "criteria": {
      "tick": "2022-03-12 16:29:30 -0500"
    },
    "done": true
  },
  "create:root": {
    "criteria": {
      "0": "2022-03-12 16:29:30 -0500"
    },
    "done": true
  },
  "rotten_flesh_to_leather:recipes/misc/leather": {
    "criteria": {
      "has_flesh": "2022-03-12 17:15:14 -0500"
    },
    "done": true
  },
  "vanillacookbook:recipes/bread": {
    "criteria": {
      "has_bread": "2022-03-12 16:29:30 -0500"
    },
    "done": true
  },
  "vanillatweaks:afk_display": {
    "criteria": {
      "tick": "2022-03-12 16:29:30 -0500"
    },
    "done": true
  },
  "betteranimalsplus:root": {
    "criteria": {
      "tick": "2022-03-12 16:29:30 -0500"
    },
    "done": true
  },
  "sophisticatedbackpacks:recipes/sophisticatedbackpacks/smoking_upgrade": {
    "criteria": {
      "has_upgrade_base": "2022-03-12 16:29:30 -0500"
    },
    "done": true
  },
  "meetyourfight:main/root": {
    "criteria": {
      "killed_something": "2022-03-12 17:15:14 -0500"
    },
    "done": true
  },
  "sophisticatedbackpacks:recipes/sophisticatedbackpacks/auto_blasting_upgrade_from_auto_smelting_upgrade": {
    "criteria": {
      "has_auto_smelting_upgrade": "2022-03-12 16:29:30 -0500"
    },
    "done": true
  },
  "minecraft:adventure/root": {
    "criteria": {
      "killed_something": "2022-03-12 17:15:14 -0500"
    },
    "done": true
  },
  "mowziesmobs:root": {
    "criteria": {
      "custom_test_name": "2022-03-12 16:29:30 -0500"
    },
    "done": true
  },
  "vanillatweaks:track_raw_stats": {
    "criteria": {
      "tick": "2022-03-12 16:29:30 -0500"
    },
    "done": true
  },
  "vanillatweaks:unlock_all_recipes": {
    "criteria": {
      "tick": "2022-03-12 16:29:30 -0500"
    },
    "done": true
  },
  "vanillatweaks:nether_portal_coords": {
    "criteria": {
      "tick": "2022-03-12 16:29:30 -0500"
    },
    "done": true
  },
  "repurposed_structures:root": {
    "criteria": {
      "always": "2022-03-12 16:29:30 -0500"
    },
    "done": true
  },
  "DataVersion": 2586
}