{"stats":{"minecraft:used":{"mmorpg:weapon/staff/iron":7},"minecraft:killed":{"minecraft:zombie":2},"minecraft:picked_up":{"minecraft:rotten_flesh":4},"minecraft:custom":{"minecraft:time_since_rest":55977,"minecraft:crouch_one_cm":34,"minecraft:play_one_minute":55977,"minecraft:damage_absorbed":20,"minecraft:leave_game":2,"minecraft:sprint_one_cm":888,"minecraft:damage_taken":106,"minecraft:time_since_death":55977,"minecraft:walk_one_cm":4498,"minecraft:sneak_time":6,"minecraft:mob_kills":2,"minecraft:fall_one_cm":968}},"DataVersion":2586}